"url","Name","Name_link","URLs","URLs_link"
"https://www.city-data.com/city/Maine.html","Abbot","","Abbot",""
"https://www.city-data.com/city/Maine.html","Acton, ME","","Acton, ME",""
"https://www.city-data.com/city/Maine.html","Addison, ME","","Addison, ME",""
"https://www.city-data.com/city/Maine.html","Albion, ME","","Albion, ME",""
"https://www.city-data.com/city/Maine.html","Alexander, ME","","Alexander, ME",""
"https://www.city-data.com/city/Maine.html","Alfred, ME","","Alfred, ME",""
"https://www.city-data.com/city/Maine.html","Allagash","","Allagash",""
"https://www.city-data.com/city/Maine.html","Alna","","Alna",""
"https://www.city-data.com/city/Maine.html","Alton, ME","","Alton, ME",""
"https://www.city-data.com/city/Maine.html","Amherst, ME","","Amherst, ME",""
"https://www.city-data.com/city/Maine.html","Amity, ME","","Amity, ME",""
"https://www.city-data.com/city/Maine.html","Andover, ME","","Andover, ME",""
"https://www.city-data.com/city/Maine.html","Anson, ME","","Anson, ME",""
"https://www.city-data.com/city/Maine.html","Appleton, ME","","Appleton, ME",""
"https://www.city-data.com/city/Maine.html","Arrowsic","","Arrowsic",""
"https://www.city-data.com/city/Maine.html","Arundel","","Arundel",""
"https://www.city-data.com/city/Maine.html","Ashland, ME","","Ashland, ME",""
"https://www.city-data.com/city/Maine.html","Athens, ME","","Athens, ME",""
"https://www.city-data.com/city/Maine.html","Atkinson, ME","","Atkinson, ME",""
"https://www.city-data.com/city/Maine.html","Auburn, ME","https://www.city-data.com/city/Auburn-Maine.html","Auburn, ME","https://www.city-data.com/city/Auburn-Maine.html"
"https://www.city-data.com/city/Maine.html","Augusta, ME","https://www.city-data.com/city/Augusta-Maine.html","Augusta, ME","https://www.city-data.com/city/Augusta-Maine.html"
"https://www.city-data.com/city/Maine.html","Avon, ME","","Avon, ME",""
"https://www.city-data.com/city/Maine.html","Baileyville, ME","","Baileyville, ME",""
"https://www.city-data.com/city/Maine.html","Baldwin, ME","","Baldwin, ME",""
"https://www.city-data.com/city/Maine.html","Bangor, ME","https://www.city-data.com/city/Bangor-Maine.html","Bangor, ME","https://www.city-data.com/city/Bangor-Maine.html"
"https://www.city-data.com/city/Maine.html","Bar Harbor","","Bar Harbor",""
"https://www.city-data.com/city/Maine.html","Bath, ME","https://www.city-data.com/city/Bath-Maine.html","Bath, ME","https://www.city-data.com/city/Bath-Maine.html"
"https://www.city-data.com/city/Maine.html","Beals","","Beals",""
"https://www.city-data.com/city/Maine.html","Belfast, ME","https://www.city-data.com/city/Belfast-Maine.html","Belfast, ME","https://www.city-data.com/city/Belfast-Maine.html"
"https://www.city-data.com/city/Maine.html","Belgrade, ME","","Belgrade, ME",""
"https://www.city-data.com/city/Maine.html","Belmont, ME","","Belmont, ME",""
"https://www.city-data.com/city/Maine.html","Benton, ME","","Benton, ME",""
"https://www.city-data.com/city/Maine.html","Berwick, ME","","Berwick, ME",""
"https://www.city-data.com/city/Maine.html","Bethel, ME","","Bethel, ME",""
"https://www.city-data.com/city/Maine.html","Biddeford","https://www.city-data.com/city/Biddeford-Maine.html","Biddeford","https://www.city-data.com/city/Biddeford-Maine.html"
"https://www.city-data.com/city/Maine.html","Bingham, ME","","Bingham, ME",""
"https://www.city-data.com/city/Maine.html","Blaine, ME","","Blaine, ME",""
"https://www.city-data.com/city/Maine.html","Blue Hill, ME","","Blue Hill, ME",""
"https://www.city-data.com/city/Maine.html","Boothbay Harbor","","Boothbay Harbor",""
"https://www.city-data.com/city/Maine.html","Boothbay","","Boothbay",""
"https://www.city-data.com/city/Maine.html","Bowdoinham","","Bowdoinham",""
"https://www.city-data.com/city/Maine.html","Bowdoin","","Bowdoin",""
"https://www.city-data.com/city/Maine.html","Bradford, ME","","Bradford, ME",""
"https://www.city-data.com/city/Maine.html","Bradley, ME","","Bradley, ME",""
"https://www.city-data.com/city/Maine.html","Bremen, ME","","Bremen, ME",""
"https://www.city-data.com/city/Maine.html","Brewer, ME","https://www.city-data.com/city/Brewer-Maine.html","Brewer, ME","https://www.city-data.com/city/Brewer-Maine.html"
"https://www.city-data.com/city/Maine.html","Bridgewater, ME","","Bridgewater, ME",""
"https://www.city-data.com/city/Maine.html","Bridgton","","Bridgton",""
"https://www.city-data.com/city/Maine.html","Bristol, ME","","Bristol, ME",""
"https://www.city-data.com/city/Maine.html","Brooklin","","Brooklin",""
"https://www.city-data.com/city/Maine.html","Brooksville, ME","","Brooksville, ME",""
"https://www.city-data.com/city/Maine.html","Brooks, ME","","Brooks, ME",""
"https://www.city-data.com/city/Maine.html","Brownfield, ME","","Brownfield, ME",""
"https://www.city-data.com/city/Maine.html","Brownville, ME","","Brownville, ME",""
"https://www.city-data.com/city/Maine.html","Brunswick Station","","Brunswick Station",""
"https://www.city-data.com/city/Maine.html","Brunswick, ME","https://www.city-data.com/city/Brunswick-Maine.html","Brunswick, ME","https://www.city-data.com/city/Brunswick-Maine.html"
"https://www.city-data.com/city/Maine.html","Buckfield","","Buckfield",""
"https://www.city-data.com/city/Maine.html","Bucksport, ME","","Bucksport, ME",""
"https://www.city-data.com/city/Maine.html","Burlington, ME","","Burlington, ME",""
"https://www.city-data.com/city/Maine.html","Burnham, ME","","Burnham, ME",""
"https://www.city-data.com/city/Maine.html","Buxton, ME","https://www.city-data.com/city/Buxton-Maine.html","Buxton, ME","https://www.city-data.com/city/Buxton-Maine.html"
"https://www.city-data.com/city/Maine.html","Calais, ME","","Calais, ME",""
"https://www.city-data.com/city/Maine.html","Cambridge, ME","","Cambridge, ME",""
"https://www.city-data.com/city/Maine.html","Camden, ME","","Camden, ME",""
"https://www.city-data.com/city/Maine.html","Canaan, ME","","Canaan, ME",""
"https://www.city-data.com/city/Maine.html","Canton, ME","","Canton, ME",""
"https://www.city-data.com/city/Maine.html","Cape Elizabeth","https://www.city-data.com/city/Cape-Elizabeth-Maine.html","Cape Elizabeth","https://www.city-data.com/city/Cape-Elizabeth-Maine.html"
"https://www.city-data.com/city/Maine.html","Cape Neddick","","Cape Neddick",""
"https://www.city-data.com/city/Maine.html","Caribou, ME","https://www.city-data.com/city/Caribou-Maine.html","Caribou, ME","https://www.city-data.com/city/Caribou-Maine.html"
"https://www.city-data.com/city/Maine.html","Carmel, ME","","Carmel, ME",""
"https://www.city-data.com/city/Maine.html","Carrabassett Valley","","Carrabassett Valley",""
"https://www.city-data.com/city/Maine.html","Carthage, ME","","Carthage, ME",""
"https://www.city-data.com/city/Maine.html","Casco, ME","","Casco, ME",""
"https://www.city-data.com/city/Maine.html","Castine, ME","","Castine, ME",""
"https://www.city-data.com/city/Maine.html","Castle Hill, ME","","Castle Hill, ME",""
"https://www.city-data.com/city/Maine.html","Caswell, ME","","Caswell, ME",""
"https://www.city-data.com/city/Maine.html","Chapman, ME","","Chapman, ME",""
"https://www.city-data.com/city/Maine.html","Charleston, ME","","Charleston, ME",""
"https://www.city-data.com/city/Maine.html","Charlotte, ME","","Charlotte, ME",""
"https://www.city-data.com/city/Maine.html","Chebeague Island","","Chebeague Island",""
"https://www.city-data.com/city/Maine.html","Chelsea, ME","","Chelsea, ME",""
"https://www.city-data.com/city/Maine.html","Cherryfield","","Cherryfield",""
"https://www.city-data.com/city/Maine.html","Chesterville, ME","","Chesterville, ME",""
"https://www.city-data.com/city/Maine.html","Chester, ME","","Chester, ME",""
"https://www.city-data.com/city/Maine.html","China, ME","","China, ME",""
"https://www.city-data.com/city/Maine.html","Chisholm, ME","","Chisholm, ME",""
"https://www.city-data.com/city/Maine.html","Clifton, ME","","Clifton, ME",""
"https://www.city-data.com/city/Maine.html","Clinton, ME","","Clinton, ME",""
"https://www.city-data.com/city/Maine.html","Columbia Falls, ME","","Columbia Falls, ME",""
"https://www.city-data.com/city/Maine.html","Columbia, ME","","Columbia, ME",""
"https://www.city-data.com/city/Maine.html","Corinna","","Corinna",""
"https://www.city-data.com/city/Maine.html","Corinth, ME","","Corinth, ME",""
"https://www.city-data.com/city/Maine.html","Cornish, ME","","Cornish, ME",""
"https://www.city-data.com/city/Maine.html","Cornville, ME","","Cornville, ME",""
"https://www.city-data.com/city/Maine.html","Cousins Island","","Cousins Island",""
"https://www.city-data.com/city/Maine.html","Crystal, ME","","Crystal, ME",""
"https://www.city-data.com/city/Maine.html","Cumberland Center","","Cumberland Center",""
"https://www.city-data.com/city/Maine.html","Cumberland, ME","https://www.city-data.com/city/Cumberland-Maine.html","Cumberland, ME","https://www.city-data.com/city/Cumberland-Maine.html"
"https://www.city-data.com/city/Maine.html","Cushing, ME","","Cushing, ME",""
"https://www.city-data.com/city/Maine.html","Cutler, ME","","Cutler, ME",""
"https://www.city-data.com/city/Maine.html","Damariscotta-Newcastle","","Damariscotta-Newcastle",""
"https://www.city-data.com/city/Maine.html","Damariscotta","","Damariscotta",""
"https://www.city-data.com/city/Maine.html","Danforth, ME","","Danforth, ME",""
"https://www.city-data.com/city/Maine.html","Dayton, ME","","Dayton, ME",""
"https://www.city-data.com/city/Maine.html","Dedham, ME","","Dedham, ME",""
"https://www.city-data.com/city/Maine.html","Deer Isle","","Deer Isle",""
"https://www.city-data.com/city/Maine.html","Denmark, ME","","Denmark, ME",""
"https://www.city-data.com/city/Maine.html","Dennysville","","Dennysville",""
"https://www.city-data.com/city/Maine.html","Detroit, ME","","Detroit, ME",""
"https://www.city-data.com/city/Maine.html","Dexter, ME","","Dexter, ME",""
"https://www.city-data.com/city/Maine.html","Dixfield","","Dixfield",""
"https://www.city-data.com/city/Maine.html","Dixmont","","Dixmont",""
"https://www.city-data.com/city/Maine.html","Dover-Foxcroft","","Dover-Foxcroft",""
"https://www.city-data.com/city/Maine.html","Dresden, ME","","Dresden, ME",""
"https://www.city-data.com/city/Maine.html","Durham, ME","","Durham, ME",""
"https://www.city-data.com/city/Maine.html","Dyer Brook","","Dyer Brook",""
"https://www.city-data.com/city/Maine.html","Eagle Lake, ME","","Eagle Lake, ME",""
"https://www.city-data.com/city/Maine.html","East Machias","","East Machias",""
"https://www.city-data.com/city/Maine.html","East Millinocket","","East Millinocket",""
"https://www.city-data.com/city/Maine.html","Eastbrook","","Eastbrook",""
"https://www.city-data.com/city/Maine.html","Easton, ME","","Easton, ME",""
"https://www.city-data.com/city/Maine.html","Eastport, ME","","Eastport, ME",""
"https://www.city-data.com/city/Maine.html","Eddington, ME","","Eddington, ME",""
"https://www.city-data.com/city/Maine.html","Edgecomb","","Edgecomb",""
"https://www.city-data.com/city/Maine.html","Eliot","https://www.city-data.com/city/Eliot-Maine.html","Eliot","https://www.city-data.com/city/Eliot-Maine.html"
"https://www.city-data.com/city/Maine.html","Ellsworth, ME","https://www.city-data.com/city/Ellsworth-Maine.html","Ellsworth, ME","https://www.city-data.com/city/Ellsworth-Maine.html"
"https://www.city-data.com/city/Maine.html","Embden, ME","","Embden, ME",""
"https://www.city-data.com/city/Maine.html","Enfield, ME","","Enfield, ME",""
"https://www.city-data.com/city/Maine.html","Etna, ME","","Etna, ME",""
"https://www.city-data.com/city/Maine.html","Eustis, ME","","Eustis, ME",""
"https://www.city-data.com/city/Maine.html","Exeter, ME","","Exeter, ME",""
"https://www.city-data.com/city/Maine.html","Fairfield, ME","","Fairfield, ME",""
"https://www.city-data.com/city/Maine.html","Falmouth Foreside","","Falmouth Foreside",""
"https://www.city-data.com/city/Maine.html","Falmouth, ME","https://www.city-data.com/city/Falmouth-Maine.html","Falmouth, ME","https://www.city-data.com/city/Falmouth-Maine.html"
"https://www.city-data.com/city/Maine.html","Farmingdale, ME","","Farmingdale, ME",""
"https://www.city-data.com/city/Maine.html","Farmington, ME","","Farmington, ME",""
"https://www.city-data.com/city/Maine.html","Fayette, ME","","Fayette, ME",""
"https://www.city-data.com/city/Maine.html","Fort Fairfield","","Fort Fairfield",""
"https://www.city-data.com/city/Maine.html","Fort Kent","","Fort Kent",""
"https://www.city-data.com/city/Maine.html","Frankfort, ME","","Frankfort, ME",""
"https://www.city-data.com/city/Maine.html","Franklin, ME","","Franklin, ME",""
"https://www.city-data.com/city/Maine.html","Freedom, ME","","Freedom, ME",""
"https://www.city-data.com/city/Maine.html","Freeport, ME","","Freeport, ME",""
"https://www.city-data.com/city/Maine.html","Frenchville","","Frenchville",""
"https://www.city-data.com/city/Maine.html","Friendship, ME","","Friendship, ME",""
"https://www.city-data.com/city/Maine.html","Fryeburg","","Fryeburg",""
"https://www.city-data.com/city/Maine.html","Gardiner, ME","","Gardiner, ME",""
"https://www.city-data.com/city/Maine.html","Garland, ME","","Garland, ME",""
"https://www.city-data.com/city/Maine.html","Georgetown, ME","","Georgetown, ME",""
"https://www.city-data.com/city/Maine.html","Gilead, ME","","Gilead, ME",""
"https://www.city-data.com/city/Maine.html","Glenburn, ME","","Glenburn, ME",""
"https://www.city-data.com/city/Maine.html","Gorham, ME","https://www.city-data.com/city/Gorham-Maine.html","Gorham, ME","https://www.city-data.com/city/Gorham-Maine.html"
"https://www.city-data.com/city/Maine.html","Gouldsboro, ME","","Gouldsboro, ME",""
"https://www.city-data.com/city/Maine.html","Grand Isle, ME","","Grand Isle, ME",""
"https://www.city-data.com/city/Maine.html","Gray, ME","https://www.city-data.com/city/Gray-Maine.html","Gray, ME","https://www.city-data.com/city/Gray-Maine.html"
"https://www.city-data.com/city/Maine.html","Greenbush, ME","","Greenbush, ME",""
"https://www.city-data.com/city/Maine.html","Greene, ME","","Greene, ME",""
"https://www.city-data.com/city/Maine.html","Greenville, ME","","Greenville, ME",""
"https://www.city-data.com/city/Maine.html","Greenwood, ME","","Greenwood, ME",""
"https://www.city-data.com/city/Maine.html","Guilford, ME","","Guilford, ME",""
"https://www.city-data.com/city/Maine.html","Hallowell","","Hallowell",""
"https://www.city-data.com/city/Maine.html","Hamlin, ME","","Hamlin, ME",""
"https://www.city-data.com/city/Maine.html","Hampden, ME","","Hampden, ME",""
"https://www.city-data.com/city/Maine.html","Hancock, ME","","Hancock, ME",""
"https://www.city-data.com/city/Maine.html","Hanover, ME","","Hanover, ME",""
"https://www.city-data.com/city/Maine.html","Harmony, ME","","Harmony, ME",""
"https://www.city-data.com/city/Maine.html","Harpswell","","Harpswell",""
"https://www.city-data.com/city/Maine.html","Harrington, ME","","Harrington, ME",""
"https://www.city-data.com/city/Maine.html","Harrison, ME","","Harrison, ME",""
"https://www.city-data.com/city/Maine.html","Hartford, ME","","Hartford, ME",""
"https://www.city-data.com/city/Maine.html","Hartland, ME","","Hartland, ME",""
"https://www.city-data.com/city/Maine.html","Hebron, ME","","Hebron, ME",""
"https://www.city-data.com/city/Maine.html","Hermon, ME","","Hermon, ME",""
"https://www.city-data.com/city/Maine.html","Hiram, ME","","Hiram, ME",""
"https://www.city-data.com/city/Maine.html","Hodgdon","","Hodgdon",""
"https://www.city-data.com/city/Maine.html","Holden, ME","","Holden, ME",""
"https://www.city-data.com/city/Maine.html","Hollis, ME","","Hollis, ME",""
"https://www.city-data.com/city/Maine.html","Hope, ME","","Hope, ME",""
"https://www.city-data.com/city/Maine.html","Houlton, ME","","Houlton, ME",""
"https://www.city-data.com/city/Maine.html","Howland, ME","","Howland, ME",""
"https://www.city-data.com/city/Maine.html","Hudson, ME","","Hudson, ME",""
"https://www.city-data.com/city/Maine.html","Industry, ME","","Industry, ME",""
"https://www.city-data.com/city/Maine.html","Island Falls","","Island Falls",""
"https://www.city-data.com/city/Maine.html","Islesboro","","Islesboro",""
"https://www.city-data.com/city/Maine.html","Jackman","","Jackman",""
"https://www.city-data.com/city/Maine.html","Jackson, ME","","Jackson, ME",""
"https://www.city-data.com/city/Maine.html","Jay, ME","","Jay, ME",""
"https://www.city-data.com/city/Maine.html","Jefferson, ME","","Jefferson, ME",""
"https://www.city-data.com/city/Maine.html","Jonesboro, ME","","Jonesboro, ME",""
"https://www.city-data.com/city/Maine.html","Jonesport","","Jonesport",""
"https://www.city-data.com/city/Maine.html","Kenduskeag","","Kenduskeag",""
"https://www.city-data.com/city/Maine.html","Kennebunkport","","Kennebunkport",""
"https://www.city-data.com/city/Maine.html","Kennebunk","","Kennebunk",""
"https://www.city-data.com/city/Maine.html","Kingfield","","Kingfield",""
"https://www.city-data.com/city/Maine.html","Kittery Point","","Kittery Point",""
"https://www.city-data.com/city/Maine.html","Kittery","","Kittery",""
"https://www.city-data.com/city/Maine.html","Knox, ME","","Knox, ME",""
"https://www.city-data.com/city/Maine.html","Lagrange, ME","","Lagrange, ME",""
"https://www.city-data.com/city/Maine.html","Lake Arrowhead, ME","","Lake Arrowhead, ME",""
"https://www.city-data.com/city/Maine.html","Lamoine","","Lamoine",""
"https://www.city-data.com/city/Maine.html","Lebanon, ME","https://www.city-data.com/city/Lebanon-Maine.html","Lebanon, ME","https://www.city-data.com/city/Lebanon-Maine.html"
"https://www.city-data.com/city/Maine.html","Leeds, ME","","Leeds, ME",""
"https://www.city-data.com/city/Maine.html","Lee, ME","","Lee, ME",""
"https://www.city-data.com/city/Maine.html","Levant, ME","","Levant, ME",""
"https://www.city-data.com/city/Maine.html","Lewiston, ME","https://www.city-data.com/city/Lewiston-Maine.html","Lewiston, ME","https://www.city-data.com/city/Lewiston-Maine.html"
"https://www.city-data.com/city/Maine.html","Liberty, ME","","Liberty, ME",""
"https://www.city-data.com/city/Maine.html","Limerick","","Limerick",""
"https://www.city-data.com/city/Maine.html","Limestone, ME","","Limestone, ME",""
"https://www.city-data.com/city/Maine.html","Limington","","Limington",""
"https://www.city-data.com/city/Maine.html","Lincolnville, ME","","Lincolnville, ME",""
"https://www.city-data.com/city/Maine.html","Lincoln, ME","","Lincoln, ME",""
"https://www.city-data.com/city/Maine.html","Linneus, ME","","Linneus, ME",""
"https://www.city-data.com/city/Maine.html","Lisbon Falls","","Lisbon Falls",""
"https://www.city-data.com/city/Maine.html","Lisbon, ME","https://www.city-data.com/city/Lisbon-Maine.html","Lisbon, ME","https://www.city-data.com/city/Lisbon-Maine.html"
"https://www.city-data.com/city/Maine.html","Litchfield, ME","","Litchfield, ME",""
"https://www.city-data.com/city/Maine.html","Little Falls-South Windham","","Little Falls-South Windham",""
"https://www.city-data.com/city/Maine.html","Little Falls, ME","","Little Falls, ME",""
"https://www.city-data.com/city/Maine.html","Littleton, ME","","Littleton, ME",""
"https://www.city-data.com/city/Maine.html","Livermore Falls","","Livermore Falls",""
"https://www.city-data.com/city/Maine.html","Livermore, ME","","Livermore, ME",""
"https://www.city-data.com/city/Maine.html","Long Island, ME","","Long Island, ME",""
"https://www.city-data.com/city/Maine.html","Loring AFB","","Loring AFB",""
"https://www.city-data.com/city/Maine.html","Lovell, ME","","Lovell, ME",""
"https://www.city-data.com/city/Maine.html","Lowell, ME","","Lowell, ME",""
"https://www.city-data.com/city/Maine.html","Lubec","","Lubec",""
"https://www.city-data.com/city/Maine.html","Ludlow, ME","","Ludlow, ME",""
"https://www.city-data.com/city/Maine.html","Lyman, ME","","Lyman, ME",""
"https://www.city-data.com/city/Maine.html","Machiasport","","Machiasport",""
"https://www.city-data.com/city/Maine.html","Machias, ME","","Machias, ME",""
"https://www.city-data.com/city/Maine.html","Madawaska","","Madawaska",""
"https://www.city-data.com/city/Maine.html","Madison, ME","","Madison, ME",""
"https://www.city-data.com/city/Maine.html","Manchester, ME","","Manchester, ME",""
"https://www.city-data.com/city/Maine.html","Mapleton, ME","","Mapleton, ME",""
"https://www.city-data.com/city/Maine.html","Mariaville","","Mariaville",""
"https://www.city-data.com/city/Maine.html","Mars Hill-Blaine","","Mars Hill-Blaine",""
"https://www.city-data.com/city/Maine.html","Mars Hill, ME","","Mars Hill, ME",""
"https://www.city-data.com/city/Maine.html","Marshfield, ME","","Marshfield, ME",""
"https://www.city-data.com/city/Maine.html","Masardis","","Masardis",""
"https://www.city-data.com/city/Maine.html","Mattawamkeag","","Mattawamkeag",""
"https://www.city-data.com/city/Maine.html","Mechanic Falls","","Mechanic Falls",""
"https://www.city-data.com/city/Maine.html","Medford, ME","","Medford, ME",""
"https://www.city-data.com/city/Maine.html","Medway, ME","","Medway, ME",""
"https://www.city-data.com/city/Maine.html","Mercer, ME","","Mercer, ME",""
"https://www.city-data.com/city/Maine.html","Merrill, ME","","Merrill, ME",""
"https://www.city-data.com/city/Maine.html","Mexico, ME","","Mexico, ME",""
"https://www.city-data.com/city/Maine.html","Milbridge","","Milbridge",""
"https://www.city-data.com/city/Maine.html","Milford, ME","","Milford, ME",""
"https://www.city-data.com/city/Maine.html","Millinocket","","Millinocket",""
"https://www.city-data.com/city/Maine.html","Milo, ME","","Milo, ME",""
"https://www.city-data.com/city/Maine.html","Minot, ME","","Minot, ME",""
"https://www.city-data.com/city/Maine.html","Monmouth, ME","","Monmouth, ME",""
"https://www.city-data.com/city/Maine.html","Monroe, ME","","Monroe, ME",""
"https://www.city-data.com/city/Maine.html","Monson, ME","","Monson, ME",""
"https://www.city-data.com/city/Maine.html","Monticello, ME","","Monticello, ME",""
"https://www.city-data.com/city/Maine.html","Montville, ME","","Montville, ME",""
"https://www.city-data.com/city/Maine.html","Moose River","","Moose River",""
"https://www.city-data.com/city/Maine.html","Morrill, ME","","Morrill, ME",""
"https://www.city-data.com/city/Maine.html","Moscow, ME","","Moscow, ME",""
"https://www.city-data.com/city/Maine.html","Mount Chase","","Mount Chase",""
"https://www.city-data.com/city/Maine.html","Mount Desert","","Mount Desert",""
"https://www.city-data.com/city/Maine.html","Mount Vernon, ME","","Mount Vernon, ME",""
"https://www.city-data.com/city/Maine.html","Naples, ME","","Naples, ME",""
"https://www.city-data.com/city/Maine.html","New Canada","","New Canada",""
"https://www.city-data.com/city/Maine.html","New Gloucester","","New Gloucester",""
"https://www.city-data.com/city/Maine.html","New Limerick","","New Limerick",""
"https://www.city-data.com/city/Maine.html","New Portland","","New Portland",""
"https://www.city-data.com/city/Maine.html","New Sharon, ME","","New Sharon, ME",""
"https://www.city-data.com/city/Maine.html","New Sweden","","New Sweden",""
"https://www.city-data.com/city/Maine.html","New Vineyard","","New Vineyard",""
"https://www.city-data.com/city/Maine.html","Newburgh, ME","","Newburgh, ME",""
"https://www.city-data.com/city/Maine.html","Newcastle, ME","","Newcastle, ME",""
"https://www.city-data.com/city/Maine.html","Newfield, ME","","Newfield, ME",""
"https://www.city-data.com/city/Maine.html","Newport, ME","","Newport, ME",""
"https://www.city-data.com/city/Maine.html","Newry, ME","","Newry, ME",""
"https://www.city-data.com/city/Maine.html","Nobleboro","","Nobleboro",""
"https://www.city-data.com/city/Maine.html","Norridgewock","","Norridgewock",""
"https://www.city-data.com/city/Maine.html","North Berwick","","North Berwick",""
"https://www.city-data.com/city/Maine.html","North Haven, ME","","North Haven, ME",""
"https://www.city-data.com/city/Maine.html","North Windham","","North Windham",""
"https://www.city-data.com/city/Maine.html","North Yarmouth","","North Yarmouth",""
"https://www.city-data.com/city/Maine.html","Northport, ME","","Northport, ME",""
"https://www.city-data.com/city/Maine.html","Norway, ME","","Norway, ME",""
"https://www.city-data.com/city/Maine.html","Oakfield, ME","","Oakfield, ME",""
"https://www.city-data.com/city/Maine.html","Oakland, ME","","Oakland, ME",""
"https://www.city-data.com/city/Maine.html","Ogunquit","","Ogunquit",""
"https://www.city-data.com/city/Maine.html","Old Orchard Beach","https://www.city-data.com/city/Old-Orchard-Beach-Maine.html","Old Orchard Beach","https://www.city-data.com/city/Old-Orchard-Beach-Maine.html"
"https://www.city-data.com/city/Maine.html","Old Town","https://www.city-data.com/city/Old-Town-Maine.html","Old Town","https://www.city-data.com/city/Old-Town-Maine.html"
"https://www.city-data.com/city/Maine.html","Orland, ME","","Orland, ME",""
"https://www.city-data.com/city/Maine.html","Orono, ME","https://www.city-data.com/city/Orono-Maine.html","Orono, ME","https://www.city-data.com/city/Orono-Maine.html"
"https://www.city-data.com/city/Maine.html","Orrington","","Orrington",""
"https://www.city-data.com/city/Maine.html","Otisfield","","Otisfield",""
"https://www.city-data.com/city/Maine.html","Otis, ME","","Otis, ME",""
"https://www.city-data.com/city/Maine.html","Owls Head","","Owls Head",""
"https://www.city-data.com/city/Maine.html","Oxford, ME","","Oxford, ME",""
"https://www.city-data.com/city/Maine.html","Palermo, ME","","Palermo, ME",""
"https://www.city-data.com/city/Maine.html","Palmyra, ME","","Palmyra, ME",""
"https://www.city-data.com/city/Maine.html","Paris, ME","","Paris, ME",""
"https://www.city-data.com/city/Maine.html","Parkman, ME","","Parkman, ME",""
"https://www.city-data.com/city/Maine.html","Parsonsfield","","Parsonsfield",""
"https://www.city-data.com/city/Maine.html","Passadumkeag","","Passadumkeag",""
"https://www.city-data.com/city/Maine.html","Patten","","Patten",""
"https://www.city-data.com/city/Maine.html","Pembroke, ME","","Pembroke, ME",""
"https://www.city-data.com/city/Maine.html","Penobscot","","Penobscot",""
"https://www.city-data.com/city/Maine.html","Perham, ME","","Perham, ME",""
"https://www.city-data.com/city/Maine.html","Perry, ME","","Perry, ME",""
"https://www.city-data.com/city/Maine.html","Peru, ME","","Peru, ME",""
"https://www.city-data.com/city/Maine.html","Phillips, ME","","Phillips, ME",""
"https://www.city-data.com/city/Maine.html","Phippsburg, ME","","Phippsburg, ME",""
"https://www.city-data.com/city/Maine.html","Pittsfield, ME","","Pittsfield, ME",""
"https://www.city-data.com/city/Maine.html","Pittston, ME","","Pittston, ME",""
"https://www.city-data.com/city/Maine.html","Plymouth, ME","","Plymouth, ME",""
"https://www.city-data.com/city/Maine.html","Poland, ME","","Poland, ME",""
"https://www.city-data.com/city/Maine.html","Portage Lake","","Portage Lake",""
"https://www.city-data.com/city/Maine.html","Porter, ME","","Porter, ME",""
"https://www.city-data.com/city/Maine.html","Portland, ME","https://www.city-data.com/city/Portland-Maine.html","Portland, ME","https://www.city-data.com/city/Portland-Maine.html"
"https://www.city-data.com/city/Maine.html","Pownal, ME","","Pownal, ME",""
"https://www.city-data.com/city/Maine.html","Presque Isle, ME","https://www.city-data.com/city/Presque-Isle-Maine.html","Presque Isle, ME","https://www.city-data.com/city/Presque-Isle-Maine.html"
"https://www.city-data.com/city/Maine.html","Princeton, ME","","Princeton, ME",""
"https://www.city-data.com/city/Maine.html","Prospect, ME","","Prospect, ME",""
"https://www.city-data.com/city/Maine.html","Randolph, ME","","Randolph, ME",""
"https://www.city-data.com/city/Maine.html","Rangeley","","Rangeley",""
"https://www.city-data.com/city/Maine.html","Raymond, ME","","Raymond, ME",""
"https://www.city-data.com/city/Maine.html","Readfield","","Readfield",""
"https://www.city-data.com/city/Maine.html","Richmond, ME","","Richmond, ME",""
"https://www.city-data.com/city/Maine.html","Ripley, ME","","Ripley, ME",""
"https://www.city-data.com/city/Maine.html","Robbinston","","Robbinston",""
"https://www.city-data.com/city/Maine.html","Rockland, ME","https://www.city-data.com/city/Rockland-Maine.html","Rockland, ME","https://www.city-data.com/city/Rockland-Maine.html"
"https://www.city-data.com/city/Maine.html","Rockport, ME","","Rockport, ME",""
"https://www.city-data.com/city/Maine.html","Rome, ME","","Rome, ME",""
"https://www.city-data.com/city/Maine.html","Roque Bluffs","","Roque Bluffs",""
"https://www.city-data.com/city/Maine.html","Roxbury, ME","","Roxbury, ME",""
"https://www.city-data.com/city/Maine.html","Rumford","","Rumford",""
"https://www.city-data.com/city/Maine.html","Sabattus","","Sabattus",""
"https://www.city-data.com/city/Maine.html","Saco, ME","https://www.city-data.com/city/Saco-Maine.html","Saco, ME","https://www.city-data.com/city/Saco-Maine.html"
"https://www.city-data.com/city/Maine.html","Sanford, ME","https://www.city-data.com/city/Sanford-Maine.html","Sanford, ME","https://www.city-data.com/city/Sanford-Maine.html"
"https://www.city-data.com/city/Maine.html","Sangerville","","Sangerville",""
"https://www.city-data.com/city/Maine.html","Scarborough","","Scarborough",""
"https://www.city-data.com/city/Maine.html","Searsmont","","Searsmont",""
"https://www.city-data.com/city/Maine.html","Searsport","","Searsport",""
"https://www.city-data.com/city/Maine.html","Sebago","","Sebago",""
"https://www.city-data.com/city/Maine.html","Sebec","","Sebec",""
"https://www.city-data.com/city/Maine.html","Sedgwick, ME","","Sedgwick, ME",""
"https://www.city-data.com/city/Maine.html","Shapleigh","","Shapleigh",""
"https://www.city-data.com/city/Maine.html","Sherman, ME","","Sherman, ME",""
"https://www.city-data.com/city/Maine.html","Shirley, ME","","Shirley, ME",""
"https://www.city-data.com/city/Maine.html","Sidney, ME","","Sidney, ME",""
"https://www.city-data.com/city/Maine.html","Skowhegan","https://www.city-data.com/city/Skowhegan-Maine.html","Skowhegan","https://www.city-data.com/city/Skowhegan-Maine.html"
"https://www.city-data.com/city/Maine.html","Smithfield, ME","","Smithfield, ME",""
"https://www.city-data.com/city/Maine.html","Smyrna, ME","","Smyrna, ME",""
"https://www.city-data.com/city/Maine.html","Solon, ME","","Solon, ME",""
"https://www.city-data.com/city/Maine.html","Somerville, ME","","Somerville, ME",""
"https://www.city-data.com/city/Maine.html","Sorrento, ME","","Sorrento, ME",""
"https://www.city-data.com/city/Maine.html","South Berwick","https://www.city-data.com/city/South-Berwick-Maine.html","South Berwick","https://www.city-data.com/city/South-Berwick-Maine.html"
"https://www.city-data.com/city/Maine.html","South Bristol, ME","","South Bristol, ME",""
"https://www.city-data.com/city/Maine.html","South Eliot","","South Eliot",""
"https://www.city-data.com/city/Maine.html","South Paris","","South Paris",""
"https://www.city-data.com/city/Maine.html","South Portland","https://www.city-data.com/city/South-Portland-Maine.html","South Portland","https://www.city-data.com/city/South-Portland-Maine.html"
"https://www.city-data.com/city/Maine.html","South Sanford","","South Sanford",""
"https://www.city-data.com/city/Maine.html","South Thomaston","","South Thomaston",""
"https://www.city-data.com/city/Maine.html","South Windham, ME","","South Windham, ME",""
"https://www.city-data.com/city/Maine.html","Southport, ME","","Southport, ME",""
"https://www.city-data.com/city/Maine.html","Southwest Harbor","","Southwest Harbor",""
"https://www.city-data.com/city/Maine.html","Springfield, ME","","Springfield, ME",""
"https://www.city-data.com/city/Maine.html","Springvale, ME","","Springvale, ME",""
"https://www.city-data.com/city/Maine.html","St. Agatha","","St. Agatha",""
"https://www.city-data.com/city/Maine.html","St. Albans, ME","","St. Albans, ME",""
"https://www.city-data.com/city/Maine.html","St. Francis, ME","","St. Francis, ME",""
"https://www.city-data.com/city/Maine.html","St. George, ME","","St. George, ME",""
"https://www.city-data.com/city/Maine.html","Stacyville, ME","","Stacyville, ME",""
"https://www.city-data.com/city/Maine.html","Standish, ME","https://www.city-data.com/city/Standish-Maine.html","Standish, ME","https://www.city-data.com/city/Standish-Maine.html"
"https://www.city-data.com/city/Maine.html","Starks, ME","","Starks, ME",""
"https://www.city-data.com/city/Maine.html","Steep Falls","","Steep Falls",""
"https://www.city-data.com/city/Maine.html","Stetson","","Stetson",""
"https://www.city-data.com/city/Maine.html","Steuben, ME","","Steuben, ME",""
"https://www.city-data.com/city/Maine.html","Stockholm, ME","","Stockholm, ME",""
"https://www.city-data.com/city/Maine.html","Stockton Springs","","Stockton Springs",""
"https://www.city-data.com/city/Maine.html","Stoneham, ME","","Stoneham, ME",""
"https://www.city-data.com/city/Maine.html","Stonington, ME","","Stonington, ME",""
"https://www.city-data.com/city/Maine.html","Stow, ME","","Stow, ME",""
"https://www.city-data.com/city/Maine.html","Strong, ME","","Strong, ME",""
"https://www.city-data.com/city/Maine.html","Sullivan, ME","","Sullivan, ME",""
"https://www.city-data.com/city/Maine.html","Sumner, ME","","Sumner, ME",""
"https://www.city-data.com/city/Maine.html","Surry, ME","","Surry, ME",""
"https://www.city-data.com/city/Maine.html","Swans Island","","Swans Island",""
"https://www.city-data.com/city/Maine.html","Swanville, ME","","Swanville, ME",""
"https://www.city-data.com/city/Maine.html","Sweden, ME","","Sweden, ME",""
"https://www.city-data.com/city/Maine.html","Temple, ME","","Temple, ME",""
"https://www.city-data.com/city/Maine.html","Thomaston, ME","","Thomaston, ME",""
"https://www.city-data.com/city/Maine.html","Thorndike","","Thorndike",""
"https://www.city-data.com/city/Maine.html","Topsfield, ME","","Topsfield, ME",""
"https://www.city-data.com/city/Maine.html","Topsham, ME","","Topsham, ME",""
"https://www.city-data.com/city/Maine.html","Tremont, ME","","Tremont, ME",""
"https://www.city-data.com/city/Maine.html","Trenton, ME","","Trenton, ME",""
"https://www.city-data.com/city/Maine.html","Troy, ME","","Troy, ME",""
"https://www.city-data.com/city/Maine.html","Turner, ME","","Turner, ME",""
"https://www.city-data.com/city/Maine.html","Union, ME","","Union, ME",""
"https://www.city-data.com/city/Maine.html","Unity, ME","","Unity, ME",""
"https://www.city-data.com/city/Maine.html","Van Buren, ME","","Van Buren, ME",""
"https://www.city-data.com/city/Maine.html","Vassalboro","","Vassalboro",""
"https://www.city-data.com/city/Maine.html","Veazie","","Veazie",""
"https://www.city-data.com/city/Maine.html","Verona Island","","Verona Island",""
"https://www.city-data.com/city/Maine.html","Verona, ME","","Verona, ME",""
"https://www.city-data.com/city/Maine.html","Vienna, ME","","Vienna, ME",""
"https://www.city-data.com/city/Maine.html","Vinalhaven","","Vinalhaven",""
"https://www.city-data.com/city/Maine.html","Wade, ME","","Wade, ME",""
"https://www.city-data.com/city/Maine.html","Waldoboro","","Waldoboro",""
"https://www.city-data.com/city/Maine.html","Waldo, ME","","Waldo, ME",""
"https://www.city-data.com/city/Maine.html","Wales, ME","","Wales, ME",""
"https://www.city-data.com/city/Maine.html","Wallagrass","","Wallagrass",""
"https://www.city-data.com/city/Maine.html","Waltham, ME","","Waltham, ME",""
"https://www.city-data.com/city/Maine.html","Warren, ME","","Warren, ME",""
"https://www.city-data.com/city/Maine.html","Washburn, ME","","Washburn, ME",""
"https://www.city-data.com/city/Maine.html","Washington, ME","","Washington, ME",""
"https://www.city-data.com/city/Maine.html","Waterboro","https://www.city-data.com/city/Waterboro-Maine.html","Waterboro","https://www.city-data.com/city/Waterboro-Maine.html"
"https://www.city-data.com/city/Maine.html","Waterford, ME","","Waterford, ME",""
"https://www.city-data.com/city/Maine.html","Waterville, ME","https://www.city-data.com/city/Waterville-Maine.html","Waterville, ME","https://www.city-data.com/city/Waterville-Maine.html"
"https://www.city-data.com/city/Maine.html","Wayne, ME","","Wayne, ME",""
"https://www.city-data.com/city/Maine.html","Weld","","Weld",""
"https://www.city-data.com/city/Maine.html","Wellington, ME","","Wellington, ME",""
"https://www.city-data.com/city/Maine.html","Wells, ME","https://www.city-data.com/city/Wells-Maine.html","Wells, ME","https://www.city-data.com/city/Wells-Maine.html"
"https://www.city-data.com/city/Maine.html","West Bath","","West Bath",""
"https://www.city-data.com/city/Maine.html","West Gardiner","","West Gardiner",""
"https://www.city-data.com/city/Maine.html","West Kennebunk","","West Kennebunk",""
"https://www.city-data.com/city/Maine.html","West Paris","","West Paris",""
"https://www.city-data.com/city/Maine.html","Westbrook, ME","https://www.city-data.com/city/Westbrook-Maine.html","Westbrook, ME","https://www.city-data.com/city/Westbrook-Maine.html"
"https://www.city-data.com/city/Maine.html","Westfield, ME","","Westfield, ME",""
"https://www.city-data.com/city/Maine.html","Weston, ME","","Weston, ME",""
"https://www.city-data.com/city/Maine.html","Westport Island","","Westport Island",""
"https://www.city-data.com/city/Maine.html","Westport, ME","","Westport, ME",""
"https://www.city-data.com/city/Maine.html","Whitefield, ME","","Whitefield, ME",""
"https://www.city-data.com/city/Maine.html","Whiting, ME","","Whiting, ME",""
"https://www.city-data.com/city/Maine.html","Whitneyville","","Whitneyville",""
"https://www.city-data.com/city/Maine.html","Wilton, ME","","Wilton, ME",""
"https://www.city-data.com/city/Maine.html","Windham, ME","https://www.city-data.com/city/Windham-Maine.html","Windham, ME","https://www.city-data.com/city/Windham-Maine.html"
"https://www.city-data.com/city/Maine.html","Windsor, ME","","Windsor, ME",""
"https://www.city-data.com/city/Maine.html","Winn","","Winn",""
"https://www.city-data.com/city/Maine.html","Winslow, ME","https://www.city-data.com/city/Winslow-Maine.html","Winslow, ME","https://www.city-data.com/city/Winslow-Maine.html"
"https://www.city-data.com/city/Maine.html","Winter Harbor","","Winter Harbor",""
"https://www.city-data.com/city/Maine.html","Winterport","","Winterport",""
"https://www.city-data.com/city/Maine.html","Winthrop, ME","","Winthrop, ME",""
"https://www.city-data.com/city/Maine.html","Wiscasset","","Wiscasset",""
"https://www.city-data.com/city/Maine.html","Woodland, ME","","Woodland, ME",""
"https://www.city-data.com/city/Maine.html","Woodstock, ME","","Woodstock, ME",""
"https://www.city-data.com/city/Maine.html","Woodville, ME","","Woodville, ME",""
"https://www.city-data.com/city/Maine.html","Woolwich","","Woolwich",""
"https://www.city-data.com/city/Maine.html","Yarmouth, ME","","Yarmouth, ME",""
"https://www.city-data.com/city/Maine.html","York Harbor","","York Harbor",""
"https://www.city-data.com/city/Maine.html","York, ME","https://www.city-data.com/city/York-Maine.html","York, ME","https://www.city-data.com/city/York-Maine.html"
